CLASS,CLASS_CODE,COMM_CODE,NAME,SECTOR,SRG,COMM_STRUCTURE,longitude,latitude,POINT
Residential,1,BED,BEDDINGTON HEIGHTS,NORTH,ESTABLISHED,1960s/1970s,-114.0850214,51.13163280873361,POINT (-114.08502139544244 51.13163280873361)
Residential,1,EVN,EVANSTON,NORTH,COMPLETE,2010s,-114.1124526,51.17109493109596,POINT (-114.1124526074949 51.17109493109596)
Residential,1,KIL,KILLARNEY/GLENGARRY,CENTRE,ESTABLISHED,1950s,-114.1317273,51.031548429038665,POINT (-114.13172726984385 51.031548429038665)
Residential,1,BRA,BRAESIDE,SOUTH,ESTABLISHED,1960s/1970s,-114.1063659,50.955992888964275,POINT (-114.10636591786145 50.955992888964275)
Residential,1,BLM,BELMONT,SOUTH,DEVELOPING,BUILDING OUT,-114.0552517,50.86868365691495,POINT (-114.055251748252 50.86868365691495)
Industrial,2,FHI,FOOTHILLS,EAST,N/A,EMPLOYMENT,-113.9820389,50.99396296392855,POINT (-113.98203894580547 50.99396296392855)
Residential,1,RIC,RICHMOND,CENTRE,ESTABLISHED,1950s,-114.1184223,51.029710309282336,POINT (-114.11842227424928 51.029710309282336)
Residential,1,CHN,CHINATOWN,CENTRE,ESTABLISHED,CENTRE CITY,-114.0626611,51.05088652177789,POINT (-114.06266113774751 51.05088652177789)
Residential,1,CPF,COPPERFIELD,SOUTHEAST,DEVELOPING,BUILDING OUT,-113.9294735,50.91781396932941,POINT (-113.9294734885478 50.91781396932941)
Industrial,2,EFV,EAST FAIRVIEW INDUSTRIAL,SOUTH,N/A,EMPLOYMENT,-114.0372414,50.98481520244282,POINT (-114.03724138911893 50.98481520244282)
Residual Sub Area,4,13H,13H,SOUTH,N/A,UNDEVELOPED,-114.1128018,50.892247441011556,POINT (-114.11280180390975 50.892247441011556)
Industrial,2,PEG,PEGASUS,NORTHEAST,N/A,EMPLOYMENT,-114.0064889,51.09447880064419,POINT (-114.00648887491036 51.09447880064419)
Residential,1,ROY,ROYAL OAK,NORTHWEST,COMPLETE,2010s,-114.2197437,51.14266982292679,POINT (-114.21974369947044 51.14266982292679)
Residential,1,CUR,CURRIE BARRACKS,WEST,ESTABLISHED,BUILDING OUT,-114.1248249,51.01571635224105,POINT (-114.12482488367951 51.01571635224105)
Residential,1,HKS,HOTCHKISS,SOUTHEAST,DEVELOPING,BUILDING OUT,-113.8962547,50.91419566626194,POINT (-113.89625471613965 50.91419566626194)
Residential,1,ASP,ASPEN WOODS,WEST,DEVELOPING,BUILDING OUT,-114.2083988,51.0452184,POINT (-114.20839875078353 51.0452183962725)
Residual Sub Area,4,13N,13N,SOUTH,N/A,OTHER,-114.1437681,50.944846169710374,POINT (-114.14376811922182 50.944846169710374)
Residential,1,HAY,HAYSBORO,SOUTH,ESTABLISHED,1950s,-114.0833403,50.97221737338749,POINT (-114.08334029387022 50.97221737338749)
Residential,1,CHR,CHRISTIE PARK,WEST,ESTABLISHED,1980s/1990s,-114.1760167,51.04080737064758,POINT (-114.1760166558148 51.04080737064758)
Residential,1,ALT,ALTADORE,CENTRE,ESTABLISHED,INNER CITY,-114.1018631,51.01595586128207,POINT (-114.10186306391894 51.01595586128207)
Residential,1,UMR,UPPER MOUNT ROYAL,CENTRE,ESTABLISHED,INNER CITY,-114.0850185,51.02997956392808,POINT (-114.08501851547312 51.02997956392808)
Residential,1,RED,RED CARPET,EAST,ESTABLISHED,1960s/1970s,-113.9427024,51.04019913,POINT (-113.94270243175565 51.0401991290999)
Industrial,2,GPE,GREAT PLAINS EAST,EAST,N/A,EMPLOYMENT,-113.9166639,50.98688718866689,POINT (-113.91666390599228 50.98688718866689)
Residential,1,RIV,RIVERBEND,SOUTHEAST,ESTABLISHED,1980s/1990s,-114.0184317,50.976019118415515,POINT (-114.01843171999816 50.976019118415515)
Residential,1,BLN,BELTLINE,CENTRE,ESTABLISHED,CENTRE CITY,-114.0551834,51.03744998756968,POINT (-114.05518339350573 51.03744998756968)
Residential,1,MAH,MAHOGANY,SOUTHEAST,DEVELOPING,2000s,-113.9246361,50.89594829366296,POINT (-113.92463605937054 50.89594829366296)
Residential,1,DOV,DOVER,EAST,ESTABLISHED,1960s/1970s,-113.9930543,51.02257009323126,POINT (-113.99305430085475 51.02257009323126)
Industrial,2,ST2,STONEY 2,NORTHEAST,N/A,EMPLOYMENT,-114.0172184,51.14338676461851,POINT (-114.0172184485419 51.14338676461851)
Residential,1,MOP,MOUNT PLEASANT,CENTRE,ESTABLISHED,INNER CITY,-114.0767202,51.07423901,POINT (-114.07672021451413 51.0742390077112)
Residual Sub Area,4,06C,06C,WEST,FUTURE,UNDEVELOPED,-114.2274594,51.08398080276579,POINT (-114.2274594187155 51.08398080276579)
Residential,1,EAU,EAU CLAIRE,CENTRE,ESTABLISHED,CENTRE CITY,-114.0728247,51.05360801760475,POINT (-114.07282468753478 51.05360801760475)
Residential,1,MDH,MEDICINE HILL,WEST,DEVELOPING,2000s,-114.2001458,51.079184878540524,POINT (-114.20014579670571 51.079184878540524)
Residual Sub Area,4,13M,13M,SOUTH,FUTURE,UNDEVELOPED,-114.0427594,50.85623929104289,POINT (-114.04275942808192 50.85623929104289)
Residential,1,WOO,WOODLANDS,SOUTH,ESTABLISHED,1980s/1990s,-114.1061585,50.94299606868775,POINT (-114.10615848150708 50.94299606868775)
Residential,1,EYA,ELBOYA,CENTRE,ESTABLISHED,1950s,-114.0736064,51.01299224214484,POINT (-114.07360640519336 51.01299224214484)
Residential,1,ERL,ERLTON,CENTRE,ESTABLISHED,INNER CITY,-114.0631415,51.02633440020522,POINT (-114.06314153912982 51.02633440020522)
Residential,1,FLN,FOREST LAWN,EAST,ESTABLISHED,1950s,-113.9700019,51.03784866109272,POINT (-113.97000191574016 51.03784866109272)
Industrial,2,SAW,SOUTH AIRWAYS,NORTHEAST,N/A,EMPLOYMENT,-114.0178584,51.07823366724948,POINT (-114.01785841093204 51.07823366724948)
Industrial,2,AYB,ALYTH/BONNYBROOK,CENTRE,N/A,EMPLOYMENT,-114.0304904,51.02736304951322,POINT (-114.03049036983082 51.02736304951322)
Residential,1,HIW,HIGHWOOD,CENTRE,ESTABLISHED,1950s,-114.0798955,51.092358097754385,POINT (-114.07989549483116 51.092358097754385)
Residual Sub Area,4,01K,01K,NORTHWEST,N/A,UNDEVELOPED,-114.2227594,51.168724389792594,POINT (-114.22275942835957 51.168724389792594)
Residual Sub Area,4,13F,13F,SOUTH,FUTURE,UNDEVELOPED,-114.1750006,50.899415178873575,POINT (-114.17500060743703 50.899415178873575)
Residential,1,SIL,SILVER SPRINGS,NORTHWEST,ESTABLISHED,1960s/1970s,-114.1950231,51.107770557464065,POINT (-114.1950230911033 51.107770557464065)
Residential,1,NOL,NOLAN HILL,NORTH,DEVELOPING,2020s,-114.1639579,51.175363661639985,POINT (-114.16395793761632 51.175363661639985)
Residential,1,EVE,EVERGREEN,SOUTH,COMPLETE,2000s,-114.1156833,50.918689470219824,POINT (-114.11568326125712 50.918689470219824)
Residential,1,GDL,GLENDALE,WEST,ESTABLISHED,1950s,-114.1527189,51.033372296692534,POINT (-114.15271893228248 51.033372296692534)
Industrial,2,OSH,OGDEN SHOPS,EAST,N/A,EMPLOYMENT,-114.0006844,50.996834133203734,POINT (-114.00068438088392 50.996834133203734)
Residual Sub Area,4,13E,13E,SOUTH,FUTURE,UNDEVELOPED,-114.1981867,50.899394757275395,POINT (-114.19818673261896 50.899394757275395)
Residential,1,RAM,RAMSAY,CENTRE,ESTABLISHED,INNER CITY,-114.0438717,51.035943082606465,POINT (-114.04387168974047 51.035943082606465)
Residual Sub Area,4,13J,13J,SOUTH,FUTURE,OTHER,-114.0882538,50.874046485995606,POINT (-114.08825379678385 50.874046485995606)
Residential,1,PKD,PARKDALE,CENTRE,ESTABLISHED,1950s,-114.1384761,51.06000471008409,POINT (-114.13847609550773 51.06000471008409)
Residential,1,WIN,WINSTON HEIGHTS/MOUNTVIEW,CENTRE,ESTABLISHED,1950s,-114.0418513,51.07530316976029,POINT (-114.04185129563606 51.07530316976029)
Residential,1,CHA,CHAPARRAL,SOUTH,COMPLETE,2010s,-114.0256664,50.88467411,POINT (-114.02566638608603 50.8846741085257)
Residential,1,ROC,ROCKY RIDGE,NORTHWEST,COMPLETE,2000s,-114.2458946,51.14650368915127,POINT (-114.24589457960128 51.14650368915127)
Residential,1,HSN,HASKAYNE,NORTHWEST,DEVELOPING,BUILDING OUT,-114.2866317,51.11694347985106,POINT (-114.28663168773647 51.11694347985106)
Residual Sub Area,4,03W,03W,NORTH,FUTURE,OTHER,-114.0247696,51.197967958347974,POINT (-114.02476962843926 51.197967958347974)
Industrial,2,ST3,STONEY 3,NORTHEAST,N/A,EMPLOYMENT,-113.9758389,51.147032835680434,POINT (-113.97583888586992 51.147032835680434)
Residential,1,GAW,GARRISON WOODS,CENTRE,ESTABLISHED,INNER CITY,-114.1136185,51.01717821662734,POINT (-114.11361853617964 51.01717821662734)
Residential,1,BNK,BANKVIEW,CENTRE,ESTABLISHED,INNER CITY,-114.1009457,51.034128830294094,POINT (-114.10094568172788 51.034128830294094)
Residual Sub Area,4,12L,12L,SOUTHEAST,FUTURE,UNDEVELOPED,-113.871519,50.91435050102264,POINT (-113.8715190162749 50.91435050102264)
Residential,1,BYV,BAYVIEW,SOUTH,ESTABLISHED,1960s/1970s,-114.1139712,50.974635498425755,POINT (-114.11397117531251 50.974635498425755)
Residual Sub Area,4,13G,13G,SOUTH,FUTURE,UNDEVELOPED,-114.1434665,50.89582212,POINT (-114.1434664808252 50.8958221222063)
Residential,1,CED,CEDARBRAE,SOUTH,ESTABLISHED,1960s/1970s,-114.1296217,50.95820371188425,POINT (-114.12962166312342 50.95820371188425)
Residential,1,CAR,CARRINGTON,NORTH,DEVELOPING,BUILDING OUT,-114.0817328,51.17887232376017,POINT (-114.08173275077937 51.17887232376017)
Industrial,2,DBC,DEERFOOT BUSINESS CENTRE,NORTHEAST,N/A,EMPLOYMENT,-114.0383273,51.11210137731565,POINT (-114.03832734398725 51.11210137731565)
Residential,1,MIS,MISSION,CENTRE,ESTABLISHED,INNER CITY,-114.0663117,51.03108900976322,POINT (-114.0663117446791 51.03108900976322)
Residential,1,SHW,SHERWOOD,NORTH,COMPLETE,2010s,-114.1531413,51.16025346348022,POINT (-114.15314133641519 51.16025346348022)
Residential,1,LEG,LEGACY,SOUTH,DEVELOPING,BUILDING OUT,-114.0059808,50.85760305034881,POINT (-114.00598080426016 50.85760305034881)
Residential,1,LKV,LAKEVIEW,WEST,ESTABLISHED,1960s/1970s,-114.129622,50.99958028772753,POINT (-114.12962199889532 50.99958028772753)
Residential,1,BRD,BRIDGELAND/RIVERSIDE,CENTRE,ESTABLISHED,INNER CITY,-114.0350818,51.05054995,POINT (-114.03508176575197 51.0505499509508)
Residential,1,COL,COLLINGWOOD,NORTHWEST,ESTABLISHED,1950s,-114.102487,51.084441848297054,POINT (-114.1024869717022 51.084441848297054)
Residual Sub Area,4,09O,09O,EAST,FUTURE,UNDEVELOPED,-113.8771069,51.052572095262136,POINT (-113.87710691707915 51.052572095262136)
Industrial,2,SKE,SKYLINE EAST,NORTHEAST,N/A,EMPLOYMENT,-114.0389293,51.100152626993555,POINT (-114.03892932026083 51.100152626993555)
Residual Sub Area,4,13A,13A,SOUTH,FUTURE,UNDEVELOPED,-114.1981804,50.91413678,POINT (-114.19818036467912 50.9141367805475)
Industrial,2,ESH,EAST SHEPARD INDUSTRIAL,SOUTHEAST,N/A,EMPLOYMENT,-113.9509699,50.951317075197345,POINT (-113.95096985247397 50.951317075197345)
Residual Sub Area,4,09P,09P,EAST,FUTURE,UNDEVELOPED,-113.8887648,51.02683776876491,POINT (-113.88876475590003 51.02683776876491)
Residential,1,AUB,AUBURN BAY,SOUTHEAST,COMPLETE,2000s,-113.9584834,50.89259772534219,POINT (-113.95848341947219 50.89259772534219)
Residential,1,WIL,WILLOW PARK,SOUTH,ESTABLISHED,1960s/1970s,-114.0561972,50.956627351011996,POINT (-114.0561971791396 50.956627351011996)
Residential,1,GAG,GARRISON GREEN,WEST,ESTABLISHED,BUILDING OUT,-114.124521,51.003053111864105,POINT (-114.12452097666666 51.003053111864105)
Residential,1,WWO,WOLF WILLOW,SOUTH,DEVELOPING,BUILDING OUT,-114.0086295,50.870710269861725,POINT (-114.00862949471409 50.870710269861725)
Residual Sub Area,4,01H,01H,WEST,FUTURE,OTHER,-114.2806825,51.094589450429176,POINT (-114.28068246060266 51.094589450429176)
Industrial,2,BUR,BURNS INDUSTRIAL,CENTRE,N/A,EMPLOYMENT,-114.0360428,51.00010437755526,POINT (-114.03604278598172 51.00010437755526)
Residential,1,KIN,KINGSLAND,SOUTH,ESTABLISHED,1950s,-114.0773466,50.986976758307435,POINT (-114.07734663672602 50.986976758307435)
Residential,1,DIA,DIAMOND COVE,SOUTH,ESTABLISHED,1980s/1990s,-114.0226561,50.946212326140284,POINT (-114.02265608656265 50.946212326140284)
Industrial,2,MCI,MCCALL,NORTHEAST,N/A,EMPLOYMENT,-114.0270862,51.08899751407806,POINT (-114.02708622213684 51.08899751407806)
Industrial,2,VAF,VALLEYFIELD,EAST,N/A,EMPLOYMENT,-113.9983432,51.01140923809311,POINT (-113.99834317733075 51.01140923809311)
Residential,1,GBK,GLENBROOK,WEST,ESTABLISHED,1950s,-114.1526948,51.024207976352315,POINT (-114.15269481311158 51.024207976352315)
Residential,1,SHG,SHAGANAPPI,CENTRE,ESTABLISHED,1950s,-114.1266676,51.045218577401315,POINT (-114.12666759976297 51.045218577401315)
Residential,1,MON,MONTGOMERY,NORTHWEST,ESTABLISHED,1950s,-114.1622361,51.071071659826664,POINT (-114.1622361301658 51.071071659826664)
Residential,1,SIG,SIGNAL HILL,WEST,ESTABLISHED,1980s/1990s,-114.1799079,51.02326166957965,POINT (-114.17990790188557 51.02326166957965)
Residential,1,DNW,DOWNTOWN WEST END,CENTRE,ESTABLISHED,CENTRE CITY,-114.0877876,51.047966075172944,POINT (-114.08778757397326 51.047966075172944)
Residual Sub Area,4,13C,13C,SOUTH,FUTURE,UNDEVELOPED,-114.1749906,50.91411355002295,POINT (-114.17499058641515 50.91411355002295)
Residential,1,RVW,RANGEVIEW,SOUTHEAST,DEVELOPING,2000s,-113.9237269,50.87402037399249,POINT (-113.92372691639144 50.87402037399249)
Residential,1,CAM,CAMBRIAN HEIGHTS,CENTRE,ESTABLISHED,1950s,-114.0870872,51.08458643515072,POINT (-114.08708720244064 51.08458643515072)
Residential,1,NHV,NORTH HAVEN,NORTH,ESTABLISHED,1960s/1970s,-114.087941,51.09700466898228,POINT (-114.08794102402483 51.09700466898228)
Residential,1,RMT,ROSEMONT,CENTRE,ESTABLISHED,1950s,-114.0897692,51.07757416015213,POINT (-114.0897692278341 51.07757416015213)
Residential,1,QLD,QUEENSLAND,SOUTH,ESTABLISHED,1960s/1970s,-114.0230192,50.938514500593215,POINT (-114.0230192396912 50.938514500593215)
Major Park,3,NPK,NOSE HILL PARK,NORTHWEST,N/A,PARKS,-114.1115865,51.112488687563044,POINT (-114.11158653321927 51.112488687563044)
Residential,1,COV,COVENTRY HILLS,NORTH,COMPLETE,2000s,-114.0531485,51.164902994256124,POINT (-114.05314852622811 51.164902994256124)
Residential,1,CRM,CRESTMONT,WEST,DEVELOPING,2000s,-114.2690826,51.083718097386786,POINT (-114.26908262013727 51.083718097386786)
Residual Sub Area,4,10E,10E,NORTHEAST,FUTURE,UNDEVELOPED,-113.9162233,51.08145361994402,POINT (-113.91622332321279 51.08145361994402)
Residential,1,EDG,EDGEMONT,NORTHWEST,ESTABLISHED,1980s/1990s,-114.1439427,51.124577124411566,POINT (-114.14394274641755 51.124577124411566)
Residential,1,SGH,SAGE HILL,NORTH,DEVELOPING,BUILDING OUT,-114.1406832,51.17561127002888,POINT (-114.14068323179569 51.17561127002888)
Residential,1,NEB,NEW BRIGHTON,SOUTHEAST,COMPLETE,2010s,-113.9452381,50.92206194184796,POINT (-113.94523809902019 50.92206194184796)
Residential,1,TEM,TEMPLE,NORTHEAST,ESTABLISHED,1960s/1970s,-113.9467677,51.088795143698746,POINT (-113.94676773063073 51.088795143698746)
Residential,1,SOC,SOUTH CALGARY,CENTRE,ESTABLISHED,INNER CITY,-114.1020747,51.02680796441744,POINT (-114.10207470040767 51.02680796441744)
Residential,1,SSD,SUNNYSIDE,CENTRE,ESTABLISHED,INNER CITY,-114.0790194,51.05641973703086,POINT (-114.0790194498662 51.05641973703086)
Industrial,2,SKW,SKYLINE WEST,NORTH,N/A,EMPLOYMENT,-114.0474087,51.10333219348764,POINT (-114.04740870844212 51.10333219348764)
Residential,1,MAL,MAYLAND HEIGHTS,NORTHEAST,ESTABLISHED,1960s/1970s,-114.0133144,51.06083446475555,POINT (-114.0133143735944 51.06083446475555)
Industrial,2,ABP,AURORA BUSINESS PARK,NORTH,N/A,EMPLOYMENT,-114.0584756,51.136256491209984,POINT (-114.05847560367306 51.136256491209984)
Industrial,2,MER,MERIDIAN,NORTHEAST,N/A,EMPLOYMENT,-113.996517,51.05658356956012,POINT (-113.99651703833155 51.05658356956012)
Residential,1,RUT,RUTLAND PARK,WEST,ESTABLISHED,1950s,-114.1335507,51.021874341150955,POINT (-114.13355067140579 51.021874341150955)
Industrial,2,GTI,GOLDEN TRIANGLE,EAST,N/A,EMPLOYMENT,-113.9875733,51.011512992214385,POINT (-113.98757334230287 51.011512992214385)
Residential,1,CIT,CITADEL,NORTHWEST,ESTABLISHED,1980s/1990s,-114.183857,51.14451369638571,POINT (-114.18385703460154 51.14451369638571)
Residential,1,MPK,MARLBOROUGH PARK,NORTHEAST,ESTABLISHED,1960s/1970s,-113.9467178,51.05969259429288,POINT (-113.94671779359061 51.05969259429288)
Residential,1,COU,COUNTRY HILLS,NORTH,ESTABLISHED,1980s/1990s,-114.0798846,51.143768799819036,POINT (-114.07988460698446 51.143768799819036)
Residential,1,MOR,MONTEREY PARK,NORTHEAST,ESTABLISHED,2000s,-113.9268714,51.08145480771648,POINT (-113.92687144461424 51.08145480771648)
Residential,1,POI,POINT MCKAY,CENTRE,ESTABLISHED,1960s/1970s,-114.1461458,51.05953997950927,POINT (-114.14614579324744 51.05953997950927)
Residential,1,OPH,OSPREY HILL,WEST,DEVELOPING,2000s,-114.2380403,51.08324185095023,POINT (-114.23804030937403 51.08324185095023)
Residential,1,SPR,SPRUCE CLIFF,WEST,ESTABLISHED,1950s,-114.1364707,51.04832528,POINT (-114.13647066261757 51.048325283447)
Residential,1,DDG,DOUGLASDALE/GLEN,SOUTHEAST,ESTABLISHED,1980s/1990s,-114.0119101,50.94844491153296,POINT (-114.01191010771103 50.94844491153296)
Residential,1,CNS,CORNERSTONE,NORTHEAST,DEVELOPING,2000s,-113.930582,51.157369070418774,POINT (-113.93058203535684 51.157369070418774)
Residential,1,WLD,WILDWOOD,WEST,ESTABLISHED,1950s,-114.1585169,51.05825068844328,POINT (-114.15851690625645 51.05825068844328)
Residential,1,BEL,BEL-AIRE,CENTRE,ESTABLISHED,1960s/1970s,-114.0889342,50.9994445,POINT (-114.08893421915188 50.9994445007323)
Residential,1,DRN,DEER RUN,SOUTH,ESTABLISHED,1980s/1990s,-114.0090886,50.92540842990192,POINT (-114.00908859391622 50.92540842990192)
Industrial,2,SGL,STONEGATE LANDING,NORTHEAST,N/A,EMPLOYMENT,-113.9866817,51.16447039,POINT (-113.98668170973193 51.1644703850525)
Residual Sub Area,4,01F,01F,NORTHWEST,FUTURE,UNDEVELOPED,-114.2633659,51.119618566466585,POINT (-114.26336586209557 51.119618566466585)
Residential,1,PAL,PALLISER,SOUTH,ESTABLISHED,1960s/1970s,-114.1121473,50.96676739,POINT (-114.11214732431061 50.9667673854943)
Residential,1,SOM,SOMERSET,SOUTH,ESTABLISHED,1980s/1990s,-114.0813761,50.898906651573654,POINT (-114.08137610043889 50.898906651573654)
Residual Sub Area,4,02F,02F,NORTHWEST,N/A,OTHER,-114.1750748,51.160012522429504,POINT (-114.17507478941316 51.160012522429504)
Residential,1,SHN,SHAWNESSY,SOUTH,ESTABLISHED,1980s/1990s,-114.0739761,50.90338016187809,POINT (-114.07397614861083 50.90338016187809)
Residual Sub Area,4,10D,10D,NORTHEAST,FUTURE,UNDEVELOPED,-113.9160304,51.103350644763765,POINT (-113.91603038744421 51.103350644763765)
Industrial,2,EFI,EASTFIELD,EAST,N/A,EMPLOYMENT,-113.9700438,51.011946906279405,POINT (-113.97004382093664 51.011946906279405)
Industrial,2,SFH,SOUTH FOOTHILLS,SOUTHEAST,N/A,EMPLOYMENT,-113.9736755,50.971246577985994,POINT (-113.97367554998624 50.971246577985994)
Residential,1,APP,APPLEWOOD PARK,EAST,ESTABLISHED,2000s,-113.9278173,51.04487652836148,POINT (-113.92781725088986 51.04487652836148)
Residential,1,MRT,MARTINDALE,NORTHEAST,ESTABLISHED,1980s/1990s,-113.9583871,51.11791082650449,POINT (-113.95838705672097 51.11791082650449)
Residential,1,STA,ST. ANDREWS HEIGHTS,CENTRE,ESTABLISHED,1950s,-114.1274265,51.06391065710229,POINT (-114.1274264798241 51.06391065710229)
Residential,1,WHL,WEST HILLHURST,CENTRE,ESTABLISHED,INNER CITY,-114.1151585,51.05508036705824,POINT (-114.11515852170044 51.05508036705824)
Industrial,2,FRA,FRANKLIN,NORTHEAST,N/A,EMPLOYMENT,-113.9875232,51.05892740008481,POINT (-113.9875232046842 51.05892740008481)
Industrial,2,GRI,GREENVIEW INDUSTRIAL PARK,CENTRE,N/A,EMPLOYMENT,-114.0469922,51.088776405298226,POINT (-114.04699218173609 51.088776405298226)
Residential,1,WND,WINDSOR PARK,CENTRE,ESTABLISHED,1950s,-114.0835488,51.005043176725195,POINT (-114.08354881922324 51.005043176725195)
Residential,1,CRA,CRANSTON,SOUTHEAST,DEVELOPING,BUILDING OUT,-113.9800013,50.87819695828032,POINT (-113.98000126836443 50.87819695828032)
Residential,1,GLR,GLACIER RIDGE,NORTH,DEVELOPING,,-114.1683297,51.19042717631569,POINT (-114.1683297388547 51.19042717631569)
Residual Sub Area,4,12A,12A,SOUTHEAST,FUTURE,UNDEVELOPED,-113.8932143,50.96505755611735,POINT (-113.89321433878365 50.96505755611735)
Residual Sub Area,4,12J,12J,SOUTHEAST,FUTURE,UNDEVELOPED,-113.8834994,50.88359508585861,POINT (-113.88349936275331 50.88359508585861)
Residential,1,RUN,RUNDLE,NORTHEAST,ESTABLISHED,1960s/1970s,-113.9700581,51.07424055938691,POINT (-113.9700581150675 51.07424055938691)
Residential,1,ERI,ERIN WOODS,EAST,ESTABLISHED,1980s/1990s,-113.9676661,51.02097796847038,POINT (-113.96766606152889 51.02097796847038)
Industrial,2,SUN,SUNRIDGE,NORTHEAST,N/A,EMPLOYMENT,-113.9917015,51.07422335010571,POINT (-113.99170150572233 51.07422335010571)
Residential,1,MLR,MILLRISE,SOUTH,ESTABLISHED,1980s/1990s,-114.0849172,50.91705442083715,POINT (-114.08491716140519 50.91705442083715)
Residential,1,LEB,LEWISBURG,NORTH,DEVELOPING,BUILDING OUT,-114.0384638,51.18675838444553,POINT (-114.03846384790074 51.18675838444553)
Residential,1,MAN,MANCHESTER,CENTRE,ESTABLISHED,EMPLOYMENT,-114.0666504,51.00623887655819,POINT (-114.06665044506892 51.00623887655819)
Industrial,2,GPI,GREAT PLAINS,EAST,N/A,EMPLOYMENT,-113.9399361,50.98689043323465,POINT (-113.93993606684484 50.98689043323465)
Residential,1,WSP,WEST SPRINGS,WEST,DEVELOPING,BUILDING OUT,-114.2066875,51.05977647833082,POINT (-114.20668748099315 51.05977647833082)
Residential,1,CHK,CHINOOK PARK,SOUTH,ESTABLISHED,1950s,-114.088994,50.98322823920945,POINT (-114.08899395999194 50.98322823920945)
Major Park,3,COP,CANADA OLYMPIC PARK,WEST,N/A,OTHER,-114.2172413,51.08074480736389,POINT (-114.2172412601904 51.08074480736389)
Residential,1,MCT,MCKENZIE TOWNE,SOUTHEAST,COMPLETE,2010s,-113.96135,50.91714738046907,POINT (-113.96135000086423 50.91714738046907)
Residual Sub Area,4,09Q,09Q,EAST,N/A,OTHER,-113.933961,51.02624727638693,POINT (-113.93396102568603 51.02624727638693)
Industrial,2,FLI,FOREST LAWN INDUSTRIAL,EAST,N/A,EMPLOYMENT,-113.956972,51.02709697802555,POINT (-113.9569720268362 51.02709697802555)
Residential,1,DNC,DOWNTOWN COMMERCIAL CORE,CENTRE,ESTABLISHED,CENTRE CITY,-114.0695919,51.04727436960807,POINT (-114.06959188534968 51.04727436960807)
Residential,1,PUM,PUMP HILL,SOUTH,ESTABLISHED,1960s/1970s,-114.1007337,50.96683035064039,POINT (-114.10073374820692 50.96683035064039)
Residential,1,RDL,ROSEDALE,CENTRE,ESTABLISHED,INNER CITY,-114.0782092,51.062687197533236,POINT (-114.07820921586121 51.062687197533236)
Residential,1,SAN,SANDSTONE VALLEY,NORTH,ESTABLISHED,1980s/1990s,-114.0949561,51.13773675598465,POINT (-114.09495605533706 51.13773675598465)
Residential,1,SSW,SCARBORO/ SUNALTA WEST,CENTRE,ESTABLISHED,1950s,-114.1148848,51.04220107938268,POINT (-114.11488481660311 51.04220107938268)
Residential,1,SCE,SCENIC ACRES,NORTHWEST,ESTABLISHED,1980s/1990s,-114.2173617,51.11272652,POINT (-114.21736167223385 51.1127265151315)
Residential,1,CHV,COUNTRY HILLS VILLAGE,NORTH,COMPLETE,2000s,-114.0613952,51.15820401,POINT (-114.06139518766744 51.1582040072855)
Residential,1,KCA,KINCORA,NORTH,DEVELOPING,2000s,-114.1339708,51.16028503881335,POINT (-114.13397078178302 51.16028503881335)
Residential,1,RSN,REDSTONE,NORTHEAST,DEVELOPING,2000s,-113.9575038,51.170446510834545,POINT (-113.95750383706682 51.170446510834545)
Residential,1,RAN,RANCHLANDS,NORTHWEST,ESTABLISHED,1960s/1970s,-114.1836043,51.11918379639595,POINT (-114.18360432759945 51.11918379639595)
Residential,1,VIS,VISTA HEIGHTS,NORTHEAST,ESTABLISHED,1960s/1970s,-114.0177051,51.07193308317161,POINT (-114.01770508925803 51.07193308317161)
Residential,1,PIN,PINERIDGE,NORTHEAST,ESTABLISHED,1960s/1970s,-113.946765,51.074260110899885,POINT (-113.94676496367302 51.074260110899885)
Residential,1,MPL,MAPLE RIDGE,SOUTH,ESTABLISHED,1960s/1970s,-114.0346868,50.95763682062698,POINT (-114.03468684916005 50.95763682062698)
Residential,1,SDC,SUNDANCE,SOUTH,ESTABLISHED,1980s/1990s,-114.0420638,50.90164245342379,POINT (-114.04206375931831 50.90164245342379)
Residential,1,GLA,GLAMORGAN,WEST,ESTABLISHED,1950s,-114.1532273,51.01511716056777,POINT (-114.15322729595563 51.01511716056777)
Residential,1,KSH,KEYSTONE HILLS,NORTH,DEVELOPING,BUILDING OUT,-114.026378,51.17955925071651,POINT (-114.02637799325638 51.17955925071651)
Residential,1,STR,STRATHCONA PARK,WEST,ESTABLISHED,1980s/1990s,-114.1775624,51.04739543154258,POINT (-114.17756239735188 51.04739543154258)
Residential,1,HIL,HILLHURST,CENTRE,ESTABLISHED,INNER CITY,-114.0936606,51.05727794122541,POINT (-114.09366062276861 51.05727794122541)
Residual Sub Area,4,01C,01C,WEST,FUTURE,OTHER,-114.2371747,51.086797016741244,POINT (-114.23717470795751 51.086797016741244)
Residential,1,WAL,WALDEN,SOUTH,DEVELOPING,BUILDING OUT,-114.0326176,50.87040258,POINT (-114.03261758102416 50.8704025844002)
Residential,1,THO,THORNCLIFFE,NORTH,ESTABLISHED,1950s,-114.068778,51.10310326,POINT (-114.06877799049856 51.1031032569092)
Residential,1,UOC,UNIVERSITY OF CALGARY,NORTHWEST,ESTABLISHED,OTHER,-114.1299348,51.07501212,POINT (-114.12993480372722 51.0750121225745)
Industrial,2,WES,WESTWINDS,NORTHEAST,N/A,EMPLOYMENT,-113.9700506,51.10339182,POINT (-113.97005057148452 51.1033918241954)
Major Park,3,GPK,GLENMORE PARK,SOUTH,N/A,PARKS,-114.1315326,50.990448420098026,POINT (-114.13153263355281 50.990448420098026)
Residential,1,ABB,ABBEYDALE,NORTHEAST,ESTABLISHED,2000s,-113.9278,51.05941281215259,POINT (-113.92780004626148 51.05941281215259)
Residential,1,SOW,SOUTHWOOD,SOUTH,ESTABLISHED,1960s/1970s,-114.0831769,50.95775925709824,POINT (-114.08317685250965 50.95775925709824)
Residual Sub Area,4,05F,05F,NORTHEAST,FUTURE,UNDEVELOPED,-113.9164931,51.14703525408642,POINT (-113.9164930819886 51.14703525408642)
Residential,1,CAS,CASTLERIDGE,NORTHEAST,ESTABLISHED,1980s/1990s,-113.9610298,51.10525737274135,POINT (-113.961029784231 51.10525737274135)
Residential,1,HUN,HUNTINGTON HILLS,NORTH,ESTABLISHED,1960s/1970s,-114.0667011,51.117583908420535,POINT (-114.0667011472206 51.117583908420535)
Residential,1,BNF,BANFF TRAIL,CENTRE,ESTABLISHED,1950s,-114.1151236,51.07421971299332,POINT (-114.11512359857218 51.07421971299332)
Residual Sub Area,4,02K,02K,NORTH,FUTURE,UNDEVELOPED,-114.199453,51.19055316346715,POINT (-114.19945296242446 51.19055316346715)
Residential,1,BOW,BOWNESS,NORTHWEST,ESTABLISHED,1950s,-114.1883782,51.083372502974406,POINT (-114.1883782352706 51.083372502974406)
Residential,1,CLI,CLIFF BUNGALOW,CENTRE,ESTABLISHED,INNER CITY,-114.0749006,51.03393298031242,POINT (-114.07490058575866 51.03393298031242)
Residential,1,ALP,ALPINE PARK,SOUTH,DEVELOPING,BUILDING OUT,-114.147017,50.91703561222997,POINT (-114.14701702743956 50.91703561222997)
Residential,1,HSD,HOMESTEAD,NORTHEAST,DEVELOPING,BUILDING OUT,-113.9164985,51.12162979686169,POINT (-113.91649848212349 51.12162979686169)
Residential,1,RID,RIDEAU PARK,CENTRE,ESTABLISHED,INNER CITY,-114.0741506,51.02500077,POINT (-114.07415059983241 51.0250007658603)
Residential,1,GRE,GREENWOOD/GREENBRIAR,NORTHWEST,DEVELOPING,1960s/1970s,-114.2229842,51.089866028703554,POINT (-114.22298419806219 51.089866028703554)
Residential,1,MEA,MEADOWLARK PARK,CENTRE,ESTABLISHED,1950s,-114.0773517,50.99785768382816,POINT (-114.07735171469827 50.99785768382816)
Industrial,2,NAW,NORTH AIRWAYS,NORTHEAST,N/A,EMPLOYMENT,-114.0108564,51.08713879430965,POINT (-114.01085642813112 51.08713879430965)
Residual Sub Area,4,02L,02L,NORTH,FUTURE,UNDEVELOPED,-114.127381,51.19773964,POINT (-114.12738103297556 51.1977396419114)
Industrial,2,MLI,MAYLAND,NORTHEAST,N/A,EMPLOYMENT,-114.0103022,51.05239289249714,POINT (-114.01030223917198 51.05239289249714)
Residual Sub Area,4,02E,02E,NORTHWEST,FUTURE,OTHER,-114.199437,51.161434401104025,POINT (-114.19943703174917 51.161434401104025)
Residual Sub Area,4,09D,09D,CENTRE,N/A,UNDEVELOPED,-114.0124209,51.01186219608517,POINT (-114.01242088549154 51.01186219608517)
Residential,1,MRL,MARLBOROUGH,NORTHEAST,ESTABLISHED,1960s/1970s,-113.9699874,51.05954284810455,POINT (-113.96998736501932 51.05954284810455)
Residential,1,ACA,ACADIA,SOUTH,ESTABLISHED,1960s/1970s,-114.0536992,50.972412507503364,POINT (-114.0536991802465 50.972412507503364)
Residential,1,PAT,PATTERSON,WEST,ESTABLISHED,1980s/1990s,-114.1771373,51.06393804685265,POINT (-114.17713726071412 51.06393804685265)
Residential,1,BRE,BRENTWOOD,NORTHWEST,ESTABLISHED,1960s/1970s,-114.1324547,51.09663657785795,POINT (-114.13245465720416 51.09663657785795)
Industrial,2,GBP,GLENDEER BUSINESS PARK,SOUTH,N/A,EMPLOYMENT,-114.0301892,50.98898682641123,POINT (-114.03018920082897 50.98898682641123)
Residential,1,ROX,ROXBORO,CENTRE,ESTABLISHED,INNER CITY,-114.0676198,51.02633701,POINT (-114.06761983137218 51.0263370063138)
Residential,1,EAG,EAGLE RIDGE,SOUTH,ESTABLISHED,1960s/1970s,-114.0993,50.98508133183825,POINT (-114.09929999168864 50.98508133183825)
Residential,1,PCK,PINE CREEK,SOUTH,DEVELOPING,BUILDING OUT,-114.0678687,50.85631052054346,POINT (-114.06786870688467 50.85631052054346)
Residential,1,HAM,HAMPTONS,NORTHWEST,ESTABLISHED,2000s,-114.1467372,51.14510638647505,POINT (-114.14673720673531 51.14510638647505)
Residential,1,LPK,LINCOLN PARK,WEST,ESTABLISHED,1950s,-114.1300078,51.010277546883515,POINT (-114.1300077959279 51.010277546883515)
Residential,1,HAW,HAWKWOOD,NORTHWEST,ESTABLISHED,1980s/1990s,-114.1756306,51.13097636,POINT (-114.17563064091 51.1309763556248)
Residential,1,HOU,HOUNSFIELD HEIGHTS/BRIAR HILL,CENTRE,ESTABLISHED,1950s,-114.1057309,51.06318538262186,POINT (-114.10573086995865 51.06318538262186)
Residential,1,LKB,LAKE BONAVISTA,SOUTH,ESTABLISHED,1960s/1970s,-114.0513371,50.939807369660365,POINT (-114.05133713913703 50.939807369660365)
Residential,1,SVR,SYMONS VALLEY RANCH,NORTH,DEVELOPING,2000s,-114.1380773,51.18479925317111,POINT (-114.13807726840868 51.18479925317111)
Residential,1,MCK,MCKENZIE LAKE,SOUTHEAST,ESTABLISHED,1980s/1990s,-113.9881834,50.914866493922716,POINT (-113.9881833556487 50.914866493922716)
Residential,1,GRV,GREENVIEW,CENTRE,ESTABLISHED,1960s/1970s,-114.0574717,51.09484956759045,POINT (-114.05747168170261 51.09484956759045)
Residential,1,SPH,SPRINGBANK HILL,WEST,DEVELOPING,BUILDING OUT,-114.2098071,51.026573826452754,POINT (-114.20980705960213 51.026573826452754)
Residential,1,SOV,SOUTHVIEW,EAST,ESTABLISHED,1950s,-113.9973389,51.03415256929876,POINT (-113.99733894113157 51.03415256929876)
Residential,1,PKH,PARKHILL,CENTRE,ESTABLISHED,1950s,-114.0655351,51.01819939625899,POINT (-114.06553506785372 51.01819939625899)
Residual Sub Area,4,12K,12K,SOUTHEAST,N/A,UNDEVELOPED,-113.9129385,50.975799495121656,POINT (-113.91293851909401 50.975799495121656)
Industrial,2,CIA,CALGARY INTERNATIONAL AIRPORT,NORTHEAST,N/A,OTHER,-114.0123527,51.11685604692775,POINT (-114.01235268222355 51.11685604692775)
Residential,1,TUS,TUSCANY,NORTHWEST,COMPLETE,2000s,-114.2409329,51.12193710545527,POINT (-114.24093290271826 51.12193710545527)
Industrial,2,SRI,SADDLE RIDGE INDUSTRIAL,NORTHEAST,N/A,EMPLOYMENT,-113.9757288,51.125189598723416,POINT (-113.97572875231302 51.125189598723416)
Residential,1,BRT,BRITANNIA,CENTRE,ESTABLISHED,1950s,-114.0862861,51.01263972926731,POINT (-114.08628613760271 51.01263972926731)
Residential,1,CRE,CRESCENT HEIGHTS,CENTRE,ESTABLISHED,INNER CITY,-114.0616142,51.05949438,POINT (-114.06161417040009 51.0594943811264)
Residential,1,SVO,SILVERADO,SOUTH,DEVELOPING,BUILDING OUT,-114.0713012,50.88298975666629,POINT (-114.07130119934261 50.88298975666629)
Residential,1,HPK,HIGHLAND PARK,CENTRE,ESTABLISHED,1950s,-114.0620547,51.088019175958344,POINT (-114.06205468616085 51.088019175958344)
Residential,1,SKR,SKYVIEW RANCH,NORTHEAST,DEVELOPING,2000s,-113.9583746,51.15612608019934,POINT (-113.95837458480817 51.15612608019934)
Industrial,2,ST1,STONEY 1,NORTH,N/A,EMPLOYMENT,-114.024717,51.16118379741086,POINT (-114.02471703353378 51.16118379741086)
Residential,1,UND,UNIVERSITY DISTRICT,NORTHWEST,ESTABLISHED,OTHER,-114.1449457,51.073855102651486,POINT (-114.14494574862623 51.073855102651486)
Industrial,2,SHI,SHEPARD INDUSTRIAL,SOUTHEAST,N/A,EMPLOYMENT,-113.9927843,50.96149067210574,POINT (-113.99278425680431 50.96149067210574)
Residential,1,BDO,BONAVISTA DOWNS,SOUTH,ESTABLISHED,1960s/1970s,-114.0315028,50.94373402583784,POINT (-114.03150277298262 50.94373402583784)
Residential,1,HAR,HARVEST HILLS,NORTH,ESTABLISHED,1980s/1990s,-114.0527789,51.14767573879288,POINT (-114.05277891771084 51.14767573879288)
Residential,1,NGM,NORTH GLENMORE PARK,WEST,ESTABLISHED,1950s,-114.1122479,51.001428377787725,POINT (-114.11224785518577 51.001428377787725)
Residential,1,SCA,SCARBORO,CENTRE,ESTABLISHED,INNER CITY,-114.1071836,51.04076590874611,POINT (-114.1071836263338 51.04076590874611)
Residential,1,OAK,OAKRIDGE,SOUTH,ESTABLISHED,1960s/1970s,-114.129614,50.96966672,POINT (-114.12961400887177 50.9696667159987)
Residential,1,VAL,VALLEY RIDGE,WEST,ESTABLISHED,2000s,-114.2512945,51.095378036835996,POINT (-114.2512944879681 51.095378036835996)
Residual Sub Area,4,06A,06A,WEST,FUTURE,OTHER,-114.2298721,51.05927052877972,POINT (-114.22987207831333 51.05927052877972)
Industrial,2,ST4,STONEY 4,NORTHEAST,N/A,EMPLOYMENT,-114.0027616,51.17620448693238,POINT (-114.00276157771617 51.17620448693238)
Residential,1,QPK,QUEENS PARK VILLAGE,CENTRE,ESTABLISHED,1950s,-114.0776072,51.08514712966657,POINT (-114.0776071601557 51.08514712966657)
Residential,1,CHW,CHARLESWOOD,NORTHWEST,ESTABLISHED,1950s,-114.1178626,51.08455544210667,POINT (-114.11786263420724 51.08455544210667)
Residual Sub Area,4,09H,09H,EAST,N/A,UNDEVELOPED,-114.0153902,51.00636499887533,POINT (-114.01539020837065 51.00636499887533)
Residential,1,FAI,FAIRVIEW,SOUTH,ESTABLISHED,1950s,-114.0607991,50.985148443730466,POINT (-114.06079914413787 50.985148443730466)
Residential,1,MAF,MAYFAIR,CENTRE,ESTABLISHED,1950s,-114.0889557,50.99581348288153,POINT (-114.08895570512153 50.99581348288153)
Residential,1,CAP,CAPITOL HILL,CENTRE,ESTABLISHED,1950s,-114.09463,51.07266779359179,POINT (-114.09462999844125 51.07266779359179)
Residential,1,BRI,BRIDLEWOOD,SOUTH,COMPLETE,2000s,-114.1102113,50.89922464789364,POINT (-114.11021131751096 50.89922464789364)
Residential,1,ARB,ARBOUR LAKE,NORTHWEST,ESTABLISHED,2000s,-114.2076936,51.13258613113044,POINT (-114.20769360286123 51.13258613113044)
Residential,1,SHS,SHAWNEE SLOPES,SOUTH,ESTABLISHED,1980s/1990s,-114.0858094,50.926187895282766,POINT (-114.08580940770071 50.926187895282766)
Residential,1,WGT,WESTGATE,WEST,ESTABLISHED,1950s,-114.1586022,51.04418281676115,POINT (-114.15860216428996 51.04418281676115)
Residential,1,PAN,PANORAMA HILLS,NORTH,COMPLETE,2010s,-114.088066,51.159712816162234,POINT (-114.08806596267952 51.159712816162234)
Residential,1,THS,TWINHILLS,EAST,DEVELOPING,BUILDING OUT,-113.8771098,51.045111353378694,POINT (-113.87710975220665 51.045111353378694)
Residential,1,PKL,PARKLAND,SOUTH,ESTABLISHED,1960s/1970s,-114.03129,50.92339888876664,POINT (-114.03129001164992 50.92339888876664)
Residential,1,DNE,DOWNTOWN EAST VILLAGE,CENTRE,ESTABLISHED,CENTRE CITY,-114.0508508,51.04709031002276,POINT (-114.0508507713895 51.04709031002276)
Residential,1,DIS,DISCOVERY RIDGE,WEST,ESTABLISHED,2000s,-114.2177379,51.01607534247705,POINT (-114.21773793028503 51.01607534247705)
Industrial,2,FVI,FAIRVIEW INDUSTRIAL,SOUTH,N/A,EMPLOYMENT,-114.0687861,50.98699983819735,POINT (-114.06878610208751 50.98699983819735)
Industrial,2,S23,SECTION 23,SOUTHEAST,N/A,EMPLOYMENT,-113.9481399,50.970929030201546,POINT (-113.94813986100961 50.970929030201546)
Residential,1,SNA,SUNALTA,CENTRE,ESTABLISHED,INNER CITY,-114.1014744,51.042957901914164,POINT (-114.10147441769787 51.042957901914164)
Residential,1,REN,RENFREW,CENTRE,ESTABLISHED,INNER CITY,-114.0391687,51.05965161330075,POINT (-114.03916872764405 51.05965161330075)
Residential,1,TAR,TARADALE,NORTHEAST,COMPLETE,2000s,-113.934002,51.11794081688188,POINT (-113.93400203223658 51.11794081688188)
Residential,1,RRC,RICARDO RANCH,SOUTHEAST,DEVELOPING,BUILDING OUT,-113.9359435,50.854453972103066,POINT (-113.93594354320506 50.854453972103066)
Residential,1,FAL,FALCONRIDGE,NORTHEAST,ESTABLISHED,1980s/1990s,-113.9467091,51.10329937607157,POINT (-113.94670914858403 51.10329937607157)
Residential,1,MID,MIDNAPORE,SOUTH,ESTABLISHED,1960s/1970s,-114.0557152,50.91390297117043,POINT (-114.05571517924932 50.91390297117043)
Residential,1,ING,INGLEWOOD,CENTRE,ESTABLISHED,INNER CITY,-114.0228503,51.03728274360989,POINT (-114.0228502955159 51.03728274360989)
Residential,1,PEN,PENBROOKE MEADOWS,EAST,ESTABLISHED,1960s/1970s,-113.9476923,51.04585144,POINT (-113.94769229195462 51.0458514350009)
Residual Sub Area,4,12C,12C,SOUTHEAST,FUTURE,UNDEVELOPED,-113.9034208,50.92510580730856,POINT (-113.90342075329005 50.92510580730856)
Residential,1,VAR,VARSITY,NORTHWEST,ESTABLISHED,1960s/1970s,-114.1625307,51.096062503306925,POINT (-114.16253069138929 51.096062503306925)
Residential,1,FHT,FOREST HEIGHTS,EAST,ESTABLISHED,1960s/1970s,-113.968759,51.049243887348325,POINT (-113.96875896183487 51.049243887348325)
Residential,1,UNI,UNIVERSITY HEIGHTS,NORTHWEST,ESTABLISHED,1960s/1970s,-114.1330914,51.07040628558769,POINT (-114.13309141453121 51.07040628558769)
Residential,1,BVD,BELVEDERE,EAST,DEVELOPING,BUILDING OUT,-113.904983,51.03783218816516,POINT (-113.90498297863884 51.03783218816516)
Residential,1,KEL,KELVIN GROVE,SOUTH,ESTABLISHED,1960s/1970s,-114.0891401,50.989928584688656,POINT (-114.08914011793931 50.989928584688656)
Residential,1,LMR,LOWER MOUNT ROYAL,CENTRE,ESTABLISHED,INNER CITY,-114.0864993,51.036502077148704,POINT (-114.08649931927262 51.036502077148704)
Residential,1,CSC,CITYSCAPE,NORTHEAST,DEVELOPING,BUILDING OUT,-113.9583807,51.147029815092736,POINT (-113.95838068523857 51.147029815092736)
Residential,1,NHU,NORTH HAVEN UPPER,NORTH,ESTABLISHED,1960s/1970s,-114.0870628,51.103216351455245,POINT (-114.08706276379075 51.103216351455245)
Industrial,2,STD,STARFIELD,EAST,N/A,EMPLOYMENT,-113.9400156,51.00485746407383,POINT (-113.94001561584716 51.00485746407383)
Industrial,2,STE,STARFIELD EAST,EAST,N/A,EMPLOYMENT,-113.9166451,51.005016619524774,POINT (-113.9166450950654 51.005016619524774)
Residential,1,OGD,OGDEN,SOUTHEAST,ESTABLISHED,1950s,-114.0119421,50.98931184867614,POINT (-114.01194209258452 50.98931184867614)
Residential,1,SET,SETON,SOUTHEAST,DEVELOPING,2000s,-113.9474373,50.873717309356074,POINT (-113.94743728214172 50.873717309356074)
Industrial,2,HOR,HORIZON,NORTHEAST,N/A,EMPLOYMENT,-113.991701,51.088756634171176,POINT (-113.99170103997 51.088756634171176)
Residential,1,WBN,WOODBINE,SOUTH,ESTABLISHED,1980s/1990s,-114.129593,50.94136073807825,POINT (-114.12959299346998 50.94136073807825)
Residual Sub Area,4,05G,05G,NORTHEAST,N/A,UNDEVELOPED,-113.9165003,51.13619284855831,POINT (-113.9165003221115 51.13619284855831)
Residual Sub Area,4,02B,02B,NORTH,FUTURE,UNDEVELOPED,-114.1993996,51.17603193831223,POINT (-114.19939955328874 51.17603193831223)
Residual Sub Area,4,01B,01B,NORTHWEST,N/A,UNDEVELOPED,-114.2425903,51.102837348982526,POINT (-114.24259030082662 51.102837348982526)
Industrial,2,RYV,ROYAL VISTA,NORTHWEST,N/A,,-114.204195,51.14943188603309,POINT (-114.20419501926632 51.14943188603309)
Residential,1,YKV,YORKVILLE,SOUTH,DEVELOPING,BUILDING OUT,-114.0823248,50.87035139068286,POINT (-114.08232476756994 50.87035139068286)
Residual Sub Area,4,05D,05D,NORTHEAST,N/A,UNDEVELOPED,-113.9586618,51.17959764644064,POINT (-113.95866183876556 51.17959764644064)
Residential,1,EPK,ELBOW PARK,CENTRE,ESTABLISHED,INNER CITY,-114.0838211,51.02134352516765,POINT (-114.08382114404567 51.02134352516765)
Residential,1,ALB,ALBERT PARK/RADISSON HEIGHTS,EAST,ESTABLISHED,1950s,-113.9967779,51.044533828516954,POINT (-113.99677791634853 51.044533828516954)
Residential,1,RCK,ROSSCARROCK,WEST,ESTABLISHED,1950s,-114.1454879,51.043292331637815,POINT (-114.14548786915636 51.043292331637815)
Residential,1,COR,CORAL SPRINGS,NORTHEAST,ESTABLISHED,2000s,-113.9268272,51.103352912026196,POINT (-113.92682720806688 51.103352912026196)
Industrial,2,MNI,MANCHESTER INDUSTRIAL,CENTRE,N/A,EMPLOYMENT,-114.0572248,51.01326133170674,POINT (-114.05722477756164 51.01326133170674)
Residential,1,CGR,COUGAR RIDGE,WEST,COMPLETE,2000s,-114.2094026,51.07186361406898,POINT (-114.20940258683716 51.07186361406898)
Residential,1,MRN,MORAINE,NORTH,DEVELOPING,BUILDING OUT,-114.1062477,51.190552397569625,POINT (-114.10624768264232 51.190552397569625)
Residential,1,DRG,DEER RIDGE,SOUTH,ESTABLISHED,1980s/1990s,-114.0202327,50.926572947437286,POINT (-114.02023270188452 50.926572947437286)
Residential,1,HID,HIDDEN VALLEY,NORTH,ESTABLISHED,1980s/1990s,-114.1195988,51.15191703,POINT (-114.1195988306011 51.1519170345778)
Residential,1,COA,COACH HILL,WEST,ESTABLISHED,1980s/1990s,-114.1829903,51.05838678227981,POINT (-114.18299025249314 51.05838678227981)
Industrial,2,HIF,HIGHFIELD,CENTRE,N/A,EMPLOYMENT,-114.0372006,51.01853188143458,POINT (-114.03720060064809 51.01853188143458)
Residential,1,SAD,SADDLE RIDGE,NORTHEAST,DEVELOPING,2000s,-113.9456226,51.13058009783413,POINT (-113.94562255923033 51.13058009783413)
Residential,1,MAC,MACEWAN GLEN,NORTH,ESTABLISHED,1980s/1990s,-114.115227,51.137719577768095,POINT (-114.11522702701743 51.137719577768095)
Residual Sub Area,4,13I,13I,SOUTH,N/A,UNDEVELOPED,-114.0994277,50.89274988000253,POINT (-114.09942768390945 50.89274988000253)
Residual Sub Area,4,11B,11B,SOUTH,N/A,UNDEVELOPED,-114.1644197,50.986651529493514,POINT (-114.16441971345019 50.986651529493514)
Residential,1,TUX,TUXEDO PARK,CENTRE,ESTABLISHED,INNER CITY,-114.0610459,51.07421776674621,POINT (-114.06104594623007 51.07421776674621)
Residential,1,LIV,LIVINGSTON,NORTH,DEVELOPING,BUILDING OUT,-114.0655017,51.18556510865544,POINT (-114.06550168476973 51.18556510865544)
Residual Sub Area,4,05E,05E,NORTHEAST,FUTURE,UNDEVELOPED,-113.9292099,51.179907895897244,POINT (-113.92920994202798 51.179907895897244)
Residual Sub Area,4,02C,02C,NORTH,FUTURE,UNDEVELOPED,-114.1766746,51.175901659020575,POINT (-114.17667459134884 51.175901659020575)
Residential,1,HUX,HUXLEY,EAST,DEVELOPING,2000s,-113.9045691,51.05554159544923,POINT (-113.90456910698005 51.05554159544923)
Residential,1,CAN,CANYON MEADOWS,SOUTH,ESTABLISHED,1960s/1970s,-114.0815564,50.942246348628395,POINT (-114.08155642806335 50.942246348628395)
Residential,1,WHI,WHITEHORN,NORTHEAST,ESTABLISHED,1960s/1970s,-113.9700682,51.088779320674604,POINT (-113.97006821006156 51.088779320674604)
Residential,1,DAL,DALHOUSIE,NORTHWEST,ESTABLISHED,1960s/1970s,-114.158153,51.10941012,POINT (-114.15815301369994 51.1094101224059)
Major Park,3,FPK,FISH CREEK PARK,SOUTH,N/A,PARKS,-114.0265209,50.909602044237715,POINT (-114.02652092583433 50.909602044237715)
Residual Sub Area,4,12B,12B,SOUTHEAST,FUTURE,UNDEVELOPED,-113.8986862,50.93923352479981,POINT (-113.8986862332021 50.93923352479981)
Residual Sub Area,4,06B,06B,WEST,FUTURE,UNDEVELOPED,-114.2299492,51.07788884528642,POINT (-114.22994917205087 51.07788884528642)
